{"cameraMode":{"drawMode":0,"name":"Shaded","section":"Shading Mode"},"sceneLighting":true,"audioPlay":false,"sceneViewState":{"m_AlwaysRefresh":false,"showFog":true,"showSkybox":true,"showFlares":true,"showImageEffects":true,"showParticleSystems":true,"showVisualEffectGraphs":true,"m_FxEnabled":true},"in2DMode":false,"pivot":{"x":-34.30963897705078,"y":-3.2960376739501955,"z":-19.810714721679689},"rotation":{"x":0.17712147533893586,"y":-0.6792545318603516,"z":0.17519930005073548,"w":0.6907181739807129},"size":20.289884567260743,"orthographic":false}