{"cameraMode":{"drawMode":0,"name":"Shaded","section":"Shading Mode"},"sceneLighting":true,"audioPlay":false,"sceneViewState":{"m_AlwaysRefresh":false,"showFog":true,"showSkybox":true,"showFlares":true,"showImageEffects":true,"showParticleSystems":true,"showVisualEffectGraphs":true,"m_FxEnabled":true},"in2DMode":false,"pivot":{"x":7.141356945037842,"y":7.659452438354492,"z":-1.589501142501831},"rotation":{"x":0.14447680115699769,"y":-0.05836579203605652,"z":0.008421641774475575,"w":0.9878722429275513},"size":7.909733772277832,"orthographic":true}